{
    "formOne": 
    [
        {
            "entity_id": 1,
            "entity_name": "Mohammad Adnan",
            "short_name": "Adnan",
            "entity_type": 1,
            "project_name": "Fab2U Tab",
            "module_name": "Admin Page",
            "description": "Admin Page Is Used To Collect All The Resources From The Developers",
            "details": "Admin Page is Built Using AngularJS and Angular Material",
            "tracking_id": 202020, 
            "sample_api": "Some_Text"
        }
    ],
    "formTwo": 
    [
        {
            "api_name": "InsetApiDictionary",
            "file_name": "File Name",
            "entity_type": 1,
            "project_name": "Fab2U Tab",
            "module_name": "Admin Page",
            "description": "Admin Page Is Used To Collect All The Resources From The Developers",
            "details": "Admin Page is Built Using AngularJS and Angular Material",
            "sample_api": "Some Text",
            "tracking_id": 202020,
            "parameter": "Some Parameter",
            "api_path": "/home/user/desktop/assignment"                
        }
    ]
}